{
    "test": {
        "ClassIndex": {
            "accuracy": [
                0.7460317611694336,
                0.7460317611694336,
                0.7460317611694336,
                0.7460317611694336,
                0.7460317611694336,
                0.7460317611694336,
                0.7142857313156128,
                0.7936508059501648,
                0.761904776096344,
                0.8095238208770752,
                0.8095238208770752,
                0.8095238208770752,
                0.7936508059501648,
                0.8253968358039856,
                0.8095238208770752,
                0.8095238208770752,
                0.841269850730896,
                0.8253968358039856,
                0.841269850730896,
                0.841269850730896
            ],
            "loss": [
                0.697843611240387,
                0.6084316372871399,
                0.5449604392051697,
                0.5287315845489502,
                0.5364888310432434,
                0.5028085112571716,
                0.5090556740760803,
                0.45881181955337524,
                0.5100890398025513,
                0.4248819649219513,
                0.3858174681663513,
                0.38070347905158997,
                0.3837473392486572,
                0.3899196684360504,
                0.40022823214530945,
                0.41558510065078735,
                0.4346058666706085,
                0.4555448591709137,
                0.4768122136592865,
                0.49723130464553833
            ]
        },
        "combined": {
            "loss": [
                0.697843611240387,
                0.6084316372871399,
                0.5449604392051697,
                0.5287315845489502,
                0.5364888310432434,
                0.5028085112571716,
                0.5090556740760803,
                0.45881181955337524,
                0.5100890398025513,
                0.4248819649219513,
                0.3858174681663513,
                0.38070347905158997,
                0.3837473392486572,
                0.3899196684360504,
                0.40022823214530945,
                0.41558510065078735,
                0.4346058666706085,
                0.4555448591709137,
                0.4768122136592865,
                0.49723130464553833
            ]
        }
    },
    "training": {
        "ClassIndex": {
            "accuracy": [
                0.7416267991065979,
                0.7416267991065979,
                0.7416267991065979,
                0.7416267991065979,
                0.7416267991065979,
                0.9377990365028381,
                0.9904305934906006,
                0.9904305934906006,
                0.9904305934906006,
                1.0,
                1.0,
                1.0,
                1.0,
                1.0,
                1.0,
                1.0,
                1.0,
                1.0,
                1.0,
                1.0
            ],
            "loss": [
                0.6513936519622803,
                0.5077632069587708,
                0.46695542335510254,
                0.41765373945236206,
                0.3344016671180725,
                0.24780306220054626,
                0.1964854747056961,
                0.08017656207084656,
                0.032489974051713943,
                0.0071991137228906155,
                0.002632095944136381,
                0.0010602909605950117,
                0.0004003221110906452,
                0.0001411950506735593,
                5.1510804041754454e-05,
                2.0669032892328687e-05,
                9.521041647531092e-06,
                5.043408691562945e-06,
                3.0138639885990415e-06,
                1.9722046999959275e-06
            ]
        },
        "combined": {
            "loss": [
                0.6513936519622803,
                0.5077632069587708,
                0.46695542335510254,
                0.41765373945236206,
                0.3344016671180725,
                0.24780306220054626,
                0.1964854747056961,
                0.08017656207084656,
                0.032489974051713943,
                0.0071991137228906155,
                0.002632095944136381,
                0.0010602909605950117,
                0.0004003221110906452,
                0.0001411950506735593,
                5.1510804041754454e-05,
                2.0669032892328687e-05,
                9.521041647531092e-06,
                5.043408691562945e-06,
                3.0138639885990415e-06,
                1.9722046999959275e-06
            ]
        }
    },
    "validation": {
        "ClassIndex": {
            "accuracy": [
                0.7142857313156128,
                0.7142857313156128,
                0.7142857313156128,
                0.7142857313156128,
                0.7142857313156128,
                0.75,
                0.6428571343421936,
                0.75,
                0.75,
                0.7857142686843872,
                0.8214285969734192,
                0.8571428656578064,
                0.8571428656578064,
                0.8571428656578064,
                0.8571428656578064,
                0.8214285969734192,
                0.8214285969734192,
                0.8214285969734192,
                0.8571428656578064,
                0.8571428656578064
            ],
            "loss": [
                0.7260150909423828,
                0.662549614906311,
                0.5669645667076111,
                0.5441716313362122,
                0.5565897226333618,
                0.5023441910743713,
                0.4860207736492157,
                0.422544926404953,
                0.45972874760627747,
                0.3875730335712433,
                0.37374797463417053,
                0.3872045576572418,
                0.40388011932373047,
                0.42134714126586914,
                0.4412993788719177,
                0.4647095799446106,
                0.4906318783760071,
                0.5175368189811707,
                0.5443124175071716,
                0.5697073340415955
            ]
        },
        "combined": {
            "loss": [
                0.7260150909423828,
                0.662549614906311,
                0.5669645667076111,
                0.5441716313362122,
                0.5565897226333618,
                0.5023441910743713,
                0.4860207736492157,
                0.422544926404953,
                0.45972874760627747,
                0.3875730335712433,
                0.37374797463417053,
                0.3872045576572418,
                0.40388011932373047,
                0.42134714126586914,
                0.4412993788719177,
                0.4647095799446106,
                0.4906318783760071,
                0.5175368189811707,
                0.5443124175071716,
                0.5697073340415955
            ]
        }
    }
}